عنوان خبر,لینک خبر,تاریخ_جمع‌آوری
صفحه اصلی,/,2025-03-10 09:03:24
پربیننده‌ترین اخبار,/fa/news/overview/popular ,2025-03-10 09:03:24
مهمترین اخبار,/fa/news/overview/top ,2025-03-10 09:03:24
آرشیو اخبار,/fa/archive ,2025-03-10 09:03:24
سیاسی,/fa/service/1/سیاسی,2025-03-10 09:03:24
سیاست ایران,/fa/service/1412/سیاست-ایران ,2025-03-10 09:03:24
نظامی | دفاعی | امنیتی,/fa/service/11/نظامی-دفاعی-امنیتی ,2025-03-10 09:03:24
گزارش و تحلیل سیاسی,/fa/service/1411/گزارش-و-تحلیل-سیاسی ,2025-03-10 09:03:24
مجلس و دولت,/fa/service/15/مجلس-و-دولت-ایران ,2025-03-10 09:03:24
